id,badge
379,topCompany
357,topCompany
356,topCompany
358,highlightWomen
383,topCompany
383,highlightBlack
344,topCompany
325,topCompany
307,topCompany
311,topCompany
282,isHiring
271,topCompany
270,isHiring
244,topCompany
248,topCompany
248,isHiring
240,topCompany
240,isHiring
258,isHiring
221,topCompany
202,topCompany
177,topCompany
197,topCompany
200,highlightWomen
181,highlightWomen
158,topCompany
168,topCompany
145,topCompany
170,topCompany
164,isHiring
146,isHiring
142,highlightLatinx
167,highlightBlack
88,topCompany
86,topCompany
90,isHiring
83,highlightWomen
82,isHiring
76,isHiring
73,isHiring
72,isHiring
110,isHiring
102,isHiring
40,topCompany
40,isHiring
30,topCompany
8,topCompany
8,highlightWomen
60,topCompany
24,topCompany
24,isHiring
4940,topCompany
5,isHiring
19,isHiring
1548,isHiring
10,highlightWomen
65,highlightBlack
11,highlightBlack
439,topCompany
468,topCompany
468,isHiring
445,topCompany
429,topCompany
412,topCompany
412,highlightLatinx
414,topCompany
414,isHiring
442,topCompany
464,isHiring
446,highlightWomen
444,highlightWomen
444,isHiring
417,highlightWomen
409,isHiring
413,highlightWomen
458,highlightBlack
452,highlightWomen
448,highlightLatinx
448,highlightWomen
498,topCompany
482,topCompany
475,topCompany
516,nonprofit
516,highlightWomen
508,highlightLatinx
508,highlightWomen
508,isHiring
503,isHiring
500,isHiring
497,highlightWomen
490,isHiring
488,isHiring
481,isHiring
479,isHiring
499,highlightWomen
485,highlightWomen
531,topCompany
531,isHiring
542,highlightLatinx
528,topCompany
566,topCompany
566,isHiring
563,highlightWomen
552,isHiring
556,highlightLatinx
526,highlightWomen
521,highlightWomen
536,highlightLatinx
630,topCompany
636,topCompany
636,isHiring
580,topCompany
590,topCompany
595,topCompany
595,isHiring
647,nonprofit
642,nonprofit
633,nonprofit
633,highlightWomen
628,isHiring
619,highlightBlack
619,highlightWomen
619,isHiring
613,isHiring
608,nonprofit
597,isHiring
588,nonprofit
585,nonprofit
585,highlightWomen
583,isHiring
578,highlightBlack
578,highlightWomen
577,nonprofit
577,highlightLatinx
577,highlightWomen
625,highlightWomen
621,highlightWomen
729,topCompany
729,highlightWomen
729,isHiring
700,topCompany
731,topCompany
731,highlightWomen
662,topCompany
662,isHiring
728,topCompany
705,topCompany
732,nonprofit
730,highlightLatinx
727,highlightWomen
727,isHiring
703,isHiring
695,highlightWomen
695,isHiring
693,isHiring
735,highlightLatinx
704,highlightWomen
663,highlightWomen
655,highlightLatinx
655,highlightWomen
668,highlightBlack
654,highlightLatinx
810,topCompany
739,topCompany
739,isHiring
809,topCompany
809,isHiring
767,topCompany
827,topCompany
827,isHiring
857,highlightLatinx
856,isHiring
849,highlightWomen
848,highlightWomen
847,highlightBlack
834,highlightWomen
817,isHiring
813,highlightWomen
811,isHiring
797,highlightLatinx
791,highlightLatinx
789,isHiring
787,nonprofit
787,highlightBlack
787,highlightWomen
774,highlightLatinx
773,highlightLatinx
764,highlightBlack
763,highlightBlack
761,nonprofit
760,nonprofit
760,highlightLatinx
755,highlightLatinx
755,isHiring
751,isHiring
740,isHiring
1434,nonprofit
1434,highlightLatinx
855,highlightWomen
836,highlightWomen
814,highlightWomen
801,highlightWomen
793,highlightBlack
793,highlightWomen
785,highlightWomen
744,highlightWomen
854,highlightBlack
823,highlightBlack
794,highlightBlack
944,topCompany
944,isHiring
870,topCompany
934,topCompany
934,highlightLatinx
934,highlightWomen
967,isHiring
964,highlightLatinx
964,highlightWomen
964,isHiring
963,isHiring
960,isHiring
946,highlightWomen
946,isHiring
941,nonprofit
938,highlightWomen
938,isHiring
936,isHiring
922,highlightWomen
921,highlightWomen
915,isHiring
914,isHiring
913,isHiring
908,highlightWomen
902,highlightWomen
900,highlightLatinx
898,isHiring
896,nonprofit
889,highlightLatinx
888,isHiring
884,isHiring
878,highlightWomen
878,isHiring
876,isHiring
869,nonprofit
869,highlightBlack
869,highlightWomen
866,isHiring
865,nonprofit
865,highlightWomen
861,isHiring
971,highlightBlack
956,highlightLatinx
926,highlightWomen
916,highlightWomen
912,highlightBlack
905,highlightLatinx
877,highlightWomen
867,highlightBlack
970,highlightLatinx
945,highlightBlack
920,highlightBlack
903,highlightBlack
875,highlightBlack
875,highlightLatinx
863,highlightBlack
982,highlightBlack
1005,topCompany
1058,topCompany
1067,topCompany
1021,topCompany
1021,highlightBlack
1091,topCompany
1042,topCompany
1103,topCompany
1103,highlightLatinx
1103,isHiring
991,isHiring
989,isHiring
988,highlightWomen
988,isHiring
977,isHiring
974,isHiring
973,isHiring
972,isHiring
1101,highlightWomen
1098,nonprofit
1096,isHiring
1093,isHiring
1086,isHiring
1080,isHiring
1079,isHiring
1071,nonprofit
1055,nonprofit
1055,highlightBlack
1055,highlightWomen
1051,isHiring
1047,isHiring
1044,isHiring
1037,isHiring
1034,isHiring
1033,isHiring
1032,isHiring
1028,isHiring
1020,highlightLatinx
1018,highlightBlack
1018,isHiring
1016,highlightBlack
1010,highlightLatinx
1009,highlightWomen
1089,highlightBlack
1088,highlightLatinx
1054,highlightBlack
983,highlightWomen
1075,highlightWomen
1064,highlightWomen
1062,highlightWomen
1061,highlightBlack
1023,highlightLatinx
1023,highlightWomen
1433,topCompany
1270,topCompany
1266,topCompany
1266,isHiring
1352,topCompany
1294,topCompany
1294,isHiring
1343,highlightWomen
1339,highlightLatinx
1299,isHiring
1286,highlightWomen
1284,highlightBlack
1284,isHiring
1274,highlightBlack
1274,highlightWomen
1272,highlightWomen
1272,isHiring
1271,isHiring
1269,highlightBlack
1264,isHiring
1252,highlightWomen
1252,isHiring
1251,highlightLatinx
1249,highlightWomen
1246,nonprofit
1233,highlightWomen
1232,nonprofit
1232,highlightLatinx
1232,highlightWomen
1232,isHiring
1229,highlightWomen
1226,isHiring
1225,highlightWomen
1225,isHiring
1224,highlightWomen
1224,isHiring
1213,isHiring
1210,highlightLatinx
1206,isHiring
1205,nonprofit
1205,highlightWomen
1201,isHiring
1200,isHiring
1188,highlightWomen
1184,isHiring
1183,isHiring
1431,highlightLatinx
1285,highlightLatinx
1285,highlightWomen
1245,highlightWomen
1241,highlightWomen
1211,highlightLatinx
1278,highlightBlack
1227,highlightBlack
1186,highlightBlack
1556,topCompany
1556,highlightLatinx
1480,topCompany
1480,highlightWomen
1480,isHiring
1543,topCompany
1543,isHiring
1451,topCompany
1451,isHiring
1575,nonprofit
1564,isHiring
1555,nonprofit
1555,highlightWomen
1552,nonprofit
1551,isHiring
1541,isHiring
1540,isHiring
1535,isHiring
1532,highlightLatinx
1532,highlightWomen
1530,isHiring
1527,highlightBlack
1527,isHiring
1524,isHiring
1523,highlightBlack
1522,highlightBlack
1520,highlightBlack
1519,highlightLatinx
1517,isHiring
1509,isHiring
1506,isHiring
1503,highlightBlack
1502,highlightLatinx
1502,isHiring
1498,isHiring
1496,highlightWomen
1490,isHiring
1482,isHiring
1475,isHiring
1472,highlightLatinx
1472,highlightWomen
1468,highlightWomen
1464,isHiring
1463,highlightBlack
1461,isHiring
1455,highlightWomen
1448,highlightBlack
1448,highlightWomen
1444,highlightLatinx
1444,highlightWomen
1443,isHiring
1438,isHiring
1563,highlightLatinx
1563,highlightWomen
1526,highlightWomen
1525,highlightWomen
1514,highlightWomen
1505,highlightWomen
1456,highlightWomen
1454,highlightWomen
1446,highlightWomen
1441,highlightWomen
1553,nonprofit
1553,highlightWomen
1474,highlightBlack
1474,highlightWomen
1471,highlightBlack
1453,highlightBlack
1616,topCompany
1616,isHiring
1688,topCompany
1688,highlightWomen
1713,isHiring
1702,highlightWomen
1700,highlightWomen
1693,isHiring
1692,isHiring
1680,isHiring
1677,isHiring
1673,isHiring
1671,highlightWomen
1671,isHiring
1663,isHiring
1647,highlightLatinx
1646,isHiring
1645,highlightBlack
1639,highlightWomen
1639,isHiring
1638,isHiring
1636,isHiring
1629,isHiring
1614,highlightBlack
1614,highlightWomen
1611,isHiring
1609,highlightWomen
1603,isHiring
1602,isHiring
1600,highlightBlack
1599,isHiring
1598,isHiring
1596,highlightBlack
1594,isHiring
1583,isHiring
1576,highlightWomen
1109,isHiring
1715,highlightLatinx
1697,highlightWomen
1689,highlightLatinx
1668,highlightLatinx
1626,highlightWomen
1669,highlightLatinx
1640,highlightBlack
1640,highlightWomen
1624,highlightBlack
1623,highlightBlack
1623,highlightWomen
1793,topCompany
1743,topCompany
1743,highlightWomen
1839,topCompany
1839,isHiring
1654,topCompany
1654,isHiring
1882,highlightWomen
1879,highlightWomen
1879,isHiring
1878,isHiring
1877,highlightLatinx
1877,highlightWomen
1871,isHiring
1869,highlightWomen
1869,isHiring
1867,isHiring
1865,nonprofit
1861,nonprofit
1860,nonprofit
1860,highlightWomen
1849,isHiring
1847,isHiring
1840,isHiring
1834,isHiring
1833,isHiring
1829,isHiring
1828,isHiring
1826,isHiring
1815,highlightBlack
1809,highlightWomen
1802,highlightLatinx
1798,highlightLatinx
1795,isHiring
1790,highlightWomen
1790,isHiring
1787,highlightBlack
1787,highlightWomen
1785,highlightLatinx
1781,highlightWomen
1781,isHiring
1779,highlightWomen
1778,highlightLatinx
1777,highlightWomen
1773,highlightWomen
1771,highlightWomen
1771,isHiring
1769,highlightBlack
1769,highlightWomen
1763,highlightLatinx
1763,highlightWomen
1763,isHiring
1760,highlightLatinx
1760,highlightWomen
1753,highlightWomen
1752,highlightLatinx
1749,isHiring
1746,highlightWomen
1744,highlightLatinx
1736,isHiring
1735,highlightWomen
1730,isHiring
1729,highlightWomen
1729,isHiring
1728,highlightBlack
1727,isHiring
1723,highlightWomen
1723,isHiring
1870,highlightLatinx
1806,highlightLatinx
1791,highlightBlack
1782,highlightBlack
1780,highlightWomen
1766,highlightLatinx
1762,highlightWomen
1776,highlightWomen
1756,highlightBlack
1993,topCompany
1886,topCompany
1886,highlightWomen
2033,highlightLatinx
2033,highlightWomen
2027,highlightWomen
2026,highlightWomen
2024,nonprofit
2023,highlightWomen
2022,isHiring
2018,nonprofit
2018,highlightWomen
2017,isHiring
2014,highlightWomen
2014,isHiring
2012,highlightBlack
2011,highlightBlack
2011,highlightWomen
2009,highlightBlack
2009,isHiring
2006,highlightLatinx
2004,highlightLatinx
2003,highlightLatinx
1998,highlightWomen
1998,isHiring
1995,isHiring
1994,highlightWomen
1994,isHiring
1992,highlightLatinx
1990,isHiring
1989,highlightLatinx
1988,isHiring
1979,isHiring
1978,isHiring
1977,highlightBlack
1977,highlightLatinx
1977,highlightWomen
1970,isHiring
1969,highlightWomen
1969,isHiring
1967,isHiring
1961,highlightWomen
1961,isHiring
1960,highlightWomen
1959,highlightLatinx
1959,highlightWomen
1957,isHiring
1946,highlightWomen
1942,highlightWomen
1941,isHiring
1940,highlightWomen
1939,highlightWomen
1935,isHiring
1934,isHiring
1932,isHiring
1930,nonprofit
1929,highlightWomen
1924,highlightWomen
1923,isHiring
1922,isHiring
1917,isHiring
1916,isHiring
1914,highlightBlack
1914,highlightLatinx
1914,isHiring
1910,isHiring
1907,isHiring
1893,isHiring
1892,highlightWomen
1892,isHiring
1891,isHiring
1889,highlightLatinx
1889,isHiring
2013,highlightLatinx
2016,highlightLatinx
1952,highlightWomen
1928,highlightWomen
1926,highlightWomen
1894,highlightBlack
1894,highlightWomen
1890,highlightWomen
12064,topCompany
12064,highlightWomen
12064,isHiring
12237,topCompany
12237,highlightLatinx
2019,highlightWomen
2019,isHiring
12393,isHiring
12374,highlightBlack
12371,highlightWomen
12356,isHiring
12352,highlightWomen
12325,highlightBlack
12300,isHiring
12297,highlightWomen
12287,isHiring
12286,highlightBlack
12286,highlightWomen
12283,highlightBlack
12283,highlightLatinx
12283,isHiring
12282,highlightBlack
12282,highlightLatinx
12282,highlightWomen
12279,highlightLatinx
12278,highlightBlack
12274,isHiring
12272,nonprofit
12264,highlightLatinx
12262,highlightLatinx
12261,highlightLatinx
12257,isHiring
12251,highlightLatinx
12250,highlightWomen
12249,highlightBlack
12248,highlightBlack
12246,highlightLatinx
12244,highlightLatinx
12236,highlightBlack
12210,highlightLatinx
12119,isHiring
12096,highlightBlack
12095,nonprofit
12094,nonprofit
12094,highlightLatinx
12092,isHiring
12088,isHiring
12085,isHiring
12084,isHiring
12083,isHiring
12080,highlightLatinx
12074,highlightLatinx
12067,isHiring
12065,isHiring
12063,highlightBlack
12063,highlightLatinx
12063,highlightWomen
12062,highlightBlack
12057,highlightWomen
12057,isHiring
12053,highlightWomen
12053,isHiring
12046,highlightWomen
12042,isHiring
12036,isHiring
12035,isHiring
12032,highlightLatinx
12032,isHiring
12005,highlightWomen
12003,highlightWomen
11995,isHiring
11994,isHiring
11993,highlightBlack
11991,isHiring
11988,highlightBlack
11986,highlightWomen
11984,highlightLatinx
11984,isHiring
11983,isHiring
11975,isHiring
11974,isHiring
11969,isHiring
11967,isHiring
11963,highlightWomen
11962,highlightWomen
11961,highlightLatinx
11961,isHiring
11948,isHiring
11944,highlightBlack
11944,highlightLatinx
11944,highlightWomen
11943,highlightLatinx
11943,highlightWomen
11943,isHiring
11941,highlightWomen
11940,isHiring
11936,highlightLatinx
11936,isHiring
11935,highlightWomen
11932,highlightWomen
11932,isHiring
11924,isHiring
1898,highlightWomen
12366,highlightWomen
12271,highlightWomen
12241,highlightWomen
12038,highlightBlack
11966,highlightBlack
11937,highlightWomen
11931,highlightWomen
11928,highlightBlack
12415,highlightWomen
12284,highlightLatinx
12277,highlightWomen
12265,highlightBlack
12252,highlightBlack
12079,highlightLatinx
12073,highlightBlack
12072,highlightWomen
12068,highlightWomen
11990,highlightWomen
11949,highlightWomen
12565,topCompany
12565,isHiring
22571,isHiring
12897,highlightLatinx
12877,highlightLatinx
12876,isHiring
12875,highlightLatinx
12875,highlightWomen
12867,isHiring
12863,isHiring
12862,highlightLatinx
12862,isHiring
12860,isHiring
12856,highlightLatinx
12855,highlightBlack
12855,highlightLatinx
12855,highlightWomen
12855,isHiring
12854,highlightLatinx
12851,highlightBlack
12847,highlightLatinx
12846,highlightWomen
12845,isHiring
12842,highlightBlack
12842,highlightLatinx
12842,isHiring
12841,highlightLatinx
12839,highlightLatinx
12838,isHiring
12837,nonprofit
12837,highlightWomen
12834,highlightLatinx
12821,isHiring
12797,isHiring
12768,highlightBlack
12768,highlightWomen
12768,isHiring
12760,isHiring
12738,isHiring
12711,highlightWomen
12711,isHiring
12705,highlightWomen
12682,isHiring
12674,highlightLatinx
12666,highlightWomen
12662,isHiring
12661,isHiring
12660,highlightWomen
12660,isHiring
12659,highlightWomen
12653,highlightWomen
12648,highlightWomen
12648,isHiring
12647,highlightWomen
12645,highlightWomen
12643,isHiring
12642,highlightWomen
12641,highlightWomen
12639,isHiring
12632,highlightLatinx
12626,highlightWomen
12626,isHiring
12625,isHiring
12623,highlightWomen
12622,isHiring
12618,highlightWomen
12614,highlightWomen
12612,isHiring
12608,highlightLatinx
12608,isHiring
12585,highlightWomen
12582,highlightWomen
12582,isHiring
12578,highlightLatinx
12578,highlightWomen
12575,highlightWomen
12574,highlightBlack
12572,highlightWomen
12572,isHiring
12564,highlightWomen
12555,highlightLatinx
12554,isHiring
12550,highlightWomen
12550,isHiring
12549,isHiring
12548,isHiring
12546,highlightBlack
12545,highlightLatinx
12545,isHiring
12536,isHiring
12532,highlightWomen
12532,isHiring
12531,highlightWomen
12507,isHiring
12240,highlightLatinx
12240,highlightWomen
12240,isHiring
12129,highlightWomen
12076,highlightWomen
12008,isHiring
12710,highlightWomen
12599,highlightWomen
12580,highlightWomen
12530,highlightLatinx
1880,highlightWomen
12890,highlightWomen
12868,highlightLatinx
12853,highlightLatinx
12849,highlightLatinx
12844,highlightLatinx
12656,highlightWomen
12624,highlightWomen
12461,highlightLatinx
12453,highlightBlack
13208,topCompany
13208,isHiring
13642,isHiring
13610,highlightLatinx
13610,isHiring
13579,isHiring
13573,highlightWomen
13570,highlightWomen
13557,highlightBlack
13548,highlightBlack
13532,highlightWomen
13532,isHiring
13524,highlightBlack
13523,highlightLatinx
13523,isHiring
13520,highlightWomen
13520,isHiring
13519,isHiring
13516,highlightBlack
13512,highlightWomen
13512,isHiring
13508,highlightLatinx
13506,isHiring
13505,highlightBlack
13505,isHiring
13500,highlightLatinx
13499,highlightBlack
13498,highlightLatinx
13498,isHiring
13497,highlightLatinx
13495,highlightLatinx
13488,highlightLatinx
13485,highlightBlack
13485,highlightWomen
13482,highlightBlack
13477,highlightBlack
13472,highlightWomen
13471,highlightLatinx
13442,highlightLatinx
13442,highlightWomen
13434,nonprofit
13434,highlightBlack
13434,highlightWomen
13415,isHiring
13412,highlightWomen
13351,isHiring
13344,highlightWomen
13322,isHiring
13321,isHiring
13316,isHiring
13311,isHiring
13309,isHiring
13290,isHiring
13265,highlightWomen
13265,isHiring
13242,isHiring
13240,highlightBlack
13240,isHiring
13239,isHiring
13227,highlightLatinx
13224,highlightWomen
13218,isHiring
13215,isHiring
13213,highlightWomen
13211,isHiring
13207,highlightLatinx
13176,highlightWomen
13174,highlightBlack
13170,highlightWomen
13170,isHiring
13169,highlightBlack
13169,isHiring
13168,highlightWomen
13168,isHiring
13164,highlightBlack
13164,highlightWomen
13151,highlightLatinx
13151,highlightWomen
13149,isHiring
13147,isHiring
13145,isHiring
13141,isHiring
13122,highlightWomen
13122,isHiring
13121,isHiring
13119,highlightWomen
13119,isHiring
13115,isHiring
13105,isHiring
13104,isHiring
13102,isHiring
13101,highlightWomen
13099,isHiring
13098,highlightLatinx
13098,isHiring
13097,highlightWomen
13097,isHiring
13085,isHiring
13084,highlightWomen
13083,highlightLatinx
13072,highlightBlack
13067,highlightBlack
13067,isHiring
13058,isHiring
12950,isHiring
12871,isHiring
12831,highlightBlack
12831,highlightLatinx
12726,isHiring
12724,highlightWomen
12638,highlightWomen
12638,isHiring
12581,highlightWomen
13507,highlightBlack
13503,highlightLatinx
13484,highlightLatinx
13475,highlightLatinx
13341,highlightWomen
13238,highlightWomen
13219,highlightWomen
13157,highlightWomen
13156,highlightWomen
13075,highlightLatinx
13526,highlightWomen
13496,highlightLatinx
13486,highlightLatinx
13480,highlightLatinx
13473,highlightLatinx
13406,highlightWomen
13405,highlightWomen
13223,highlightBlack
13223,highlightWomen
13206,highlightWomen
13200,highlightWomen
13199,highlightWomen
13195,highlightWomen
13178,highlightBlack
13171,highlightBlack
13161,highlightLatinx
13148,highlightWomen
13114,highlightWomen
13113,highlightWomen
13086,highlightWomen
13061,highlightWomen
22111,topCompany
22353,highlightBlack
22353,highlightWomen
22327,isHiring
22323,highlightBlack
22323,highlightWomen
22322,highlightBlack
22322,highlightLatinx
22319,isHiring
22305,highlightWomen
22303,highlightBlack
22303,highlightLatinx
22294,highlightLatinx
22278,highlightLatinx
22278,isHiring
22277,isHiring
22273,isHiring
22272,isHiring
22267,highlightLatinx
22266,highlightWomen
22266,isHiring
22257,isHiring
22247,isHiring
22246,isHiring
22241,highlightWomen
22218,isHiring
22206,highlightWomen
22206,isHiring
22184,isHiring
22174,highlightBlack
22174,isHiring
22152,highlightBlack
22152,isHiring
22148,isHiring
22141,isHiring
22131,isHiring
22126,isHiring
22124,isHiring
22108,isHiring
22092,highlightWomen
22084,highlightWomen
22084,isHiring
22083,highlightLatinx
22083,highlightWomen
22078,highlightWomen
22077,isHiring
22075,highlightLatinx
22062,isHiring
22053,isHiring
22050,isHiring
22044,highlightWomen
22043,isHiring
22026,highlightLatinx
22026,highlightWomen
22008,isHiring
22004,highlightLatinx
22004,highlightWomen
22004,isHiring
22002,highlightWomen
21992,highlightWomen
21992,isHiring
21986,highlightBlack
21986,isHiring
21969,highlightWomen
21969,isHiring
21963,highlightLatinx
21962,highlightLatinx
21947,highlightLatinx
21930,highlightWomen
21916,highlightBlack
21915,isHiring
21914,isHiring
21906,highlightWomen
21903,isHiring
21902,highlightLatinx
21902,isHiring
21897,highlightWomen
21896,highlightLatinx
21894,isHiring
21885,isHiring
21882,isHiring
21862,isHiring
21860,highlightWomen
21860,isHiring
21857,isHiring
21848,highlightLatinx
21847,isHiring
21831,isHiring
21828,isHiring
21816,isHiring
21812,isHiring
21800,highlightWomen
21800,isHiring
21799,highlightLatinx
21799,isHiring
21795,isHiring
21794,isHiring
21791,highlightWomen
21791,isHiring
21790,isHiring
21788,isHiring
21787,isHiring
21784,highlightWomen
21782,isHiring
21772,isHiring
21770,isHiring
21769,isHiring
21767,isHiring
21766,isHiring
21720,isHiring
19888,highlightBlack
13413,highlightWomen
13413,isHiring
13330,isHiring
13230,highlightBlack
13091,isHiring
13089,isHiring
22250,highlightLatinx
22238,highlightLatinx
21997,highlightWomen
21996,highlightLatinx
21852,highlightWomen
21789,highlightBlack
21737,highlightWomen
19925,highlightWomen
22205,highlightWomen
21984,highlightLatinx
21895,highlightWomen
21805,highlightWomen
13173,highlightWomen
23202,topCompany
22721,topCompany
23661,highlightLatinx
23645,highlightBlack
23642,highlightLatinx
23640,highlightBlack
23636,highlightWomen
23633,highlightWomen
23630,highlightWomen
23613,highlightWomen
23612,isHiring
23599,isHiring
23598,isHiring
23568,highlightLatinx
23555,isHiring
23550,highlightWomen
23541,highlightLatinx
23539,isHiring
23530,isHiring
23522,highlightWomen
23472,isHiring
23460,highlightLatinx
23459,isHiring
23458,highlightBlack
23443,highlightBlack
23434,highlightLatinx
23433,highlightLatinx
23432,highlightLatinx
23432,isHiring
23431,isHiring
23430,highlightLatinx
23429,nonprofit
23429,highlightLatinx
23429,highlightWomen
23421,highlightWomen
23414,highlightLatinx
23398,highlightBlack
23398,isHiring
23389,isHiring
23371,isHiring
23369,isHiring
23368,highlightLatinx
23368,isHiring
23366,highlightLatinx
23357,highlightLatinx
23355,isHiring
23317,highlightWomen
23317,isHiring
23316,highlightWomen
23302,highlightBlack
23301,highlightBlack
23301,highlightLatinx
23301,isHiring
23292,highlightLatinx
23277,highlightLatinx
23271,highlightWomen
23268,highlightWomen
23268,isHiring
23266,highlightLatinx
23265,highlightBlack
23261,highlightLatinx
23261,highlightWomen
23260,highlightLatinx
23260,highlightWomen
23259,isHiring
23240,highlightLatinx
23238,highlightLatinx
23236,isHiring
23226,isHiring
23220,highlightWomen
23200,isHiring
23193,highlightWomen
23193,isHiring
23191,highlightWomen
23191,isHiring
23175,isHiring
23162,isHiring
23139,highlightLatinx
23139,highlightWomen
23139,isHiring
23128,highlightLatinx
23128,highlightWomen
23127,isHiring
23121,isHiring
23105,isHiring
23085,highlightLatinx
23064,highlightLatinx
23064,isHiring
23042,highlightLatinx
23041,highlightLatinx
23038,isHiring
23036,isHiring
23017,highlightLatinx
23017,isHiring
22997,isHiring
22996,isHiring
22995,highlightBlack
22991,highlightWomen
22991,isHiring
22989,highlightWomen
22987,highlightWomen
22983,isHiring
22970,highlightWomen
22958,isHiring
22957,highlightBlack
22953,isHiring
22947,isHiring
22906,highlightBlack
22906,highlightWomen
22906,isHiring
22889,isHiring
22887,highlightLatinx
22887,isHiring
22885,isHiring
22884,isHiring
22879,isHiring
22878,isHiring
22869,highlightLatinx
22869,highlightWomen
22866,highlightWomen
22866,isHiring
22861,isHiring
22857,highlightLatinx
22856,isHiring
22850,isHiring
22844,highlightWomen
22844,isHiring
22843,highlightWomen
22841,highlightLatinx
22841,isHiring
22836,highlightLatinx
22835,isHiring
22834,highlightWomen
22831,isHiring
22829,highlightWomen
22829,isHiring
22827,isHiring
22823,isHiring
22806,isHiring
22796,isHiring
22782,highlightLatinx
22781,isHiring
22780,highlightLatinx
22780,isHiring
22779,isHiring
22778,highlightBlack
22778,highlightLatinx
22777,highlightLatinx
22777,isHiring
22776,highlightLatinx
22776,highlightWomen
22771,isHiring
22751,highlightLatinx
22751,highlightWomen
22751,isHiring
22744,highlightLatinx
22744,isHiring
22738,highlightWomen
22722,isHiring
22720,isHiring
22719,isHiring
22713,isHiring
22711,highlightBlack
22711,isHiring
22702,highlightBlack
22701,highlightWomen
22699,highlightLatinx
22699,highlightWomen
22699,isHiring
22693,highlightWomen
22677,isHiring
22676,highlightLatinx
22676,highlightWomen
22676,isHiring
22674,isHiring
22671,isHiring
22670,highlightLatinx
22670,highlightWomen
22668,highlightLatinx
22667,isHiring
22666,highlightWomen
22665,highlightLatinx
22663,highlightWomen
22663,isHiring
22661,highlightWomen
22660,isHiring
22658,highlightLatinx
22658,highlightWomen
22656,isHiring
22638,isHiring
22627,isHiring
22624,highlightWomen
22618,highlightWomen
22617,highlightWomen
22608,highlightLatinx
22591,highlightLatinx
22591,highlightWomen
22581,highlightLatinx
22581,isHiring
22470,nonprofit
22470,highlightBlack
22470,highlightWomen
23423,highlightLatinx
23415,highlightWomen
23239,highlightLatinx
23229,highlightBlack
23167,highlightWomen
23037,highlightBlack
22883,highlightWomen
22830,highlightWomen
22752,highlightBlack
22750,highlightBlack
22714,highlightWomen
22695,highlightWomen
23462,highlightLatinx
23400,highlightWomen
23304,highlightLatinx
23278,highlightLatinx
23065,highlightLatinx
22948,highlightLatinx
22775,highlightWomen
22755,highlightBlack
22712,highlightBlack
22712,highlightLatinx
22696,highlightLatinx
22675,highlightWomen
22600,highlightWomen
22565,highlightLatinx
24934,highlightLatinx
24934,isHiring
24925,highlightWomen
24915,highlightBlack
24914,highlightBlack
24913,highlightWomen
24913,isHiring
24907,highlightLatinx
24907,highlightWomen
24893,isHiring
24892,highlightBlack
24884,highlightLatinx
24882,highlightLatinx
24879,isHiring
24876,isHiring
24875,highlightWomen
24874,isHiring
24873,isHiring
24871,highlightLatinx
24865,isHiring
24861,highlightWomen
24861,isHiring
24846,highlightLatinx
24846,highlightWomen
24842,isHiring
24841,highlightWomen
24841,isHiring
24831,highlightWomen
24822,highlightWomen
24822,isHiring
24821,highlightBlack
24821,isHiring
24820,highlightBlack
24820,isHiring
24819,highlightWomen
24818,highlightBlack
24818,isHiring
24817,highlightBlack
24795,highlightWomen
24787,isHiring
24774,isHiring
24773,isHiring
24760,highlightBlack
24756,isHiring
24746,isHiring
24727,highlightWomen
24727,isHiring
24726,highlightWomen
24725,highlightLatinx
24720,isHiring
24701,isHiring
24686,highlightBlack
24681,highlightLatinx
24669,highlightWomen
24666,highlightLatinx
24653,highlightWomen
24649,highlightWomen
24640,highlightLatinx
24638,highlightWomen
24629,highlightLatinx
24628,highlightLatinx
24628,highlightWomen
24627,highlightBlack
24624,highlightLatinx
24616,isHiring
24615,isHiring
24603,highlightLatinx
24603,isHiring
24602,isHiring
24599,highlightWomen
24596,isHiring
24590,highlightLatinx
24587,isHiring
24586,highlightWomen
24573,highlightWomen
24571,highlightLatinx
24571,highlightWomen
24571,isHiring
24569,highlightWomen
24563,highlightWomen
24558,highlightWomen
24558,isHiring
24557,isHiring
24556,isHiring
24555,highlightLatinx
24555,isHiring
24551,isHiring
24550,highlightLatinx
24549,highlightLatinx
24543,isHiring
24539,isHiring
24538,isHiring
24531,isHiring
24528,highlightWomen
24526,isHiring
24509,highlightLatinx
24509,isHiring
24508,isHiring
24506,highlightWomen
24489,isHiring
24488,isHiring
24485,highlightLatinx
24484,highlightBlack
24484,highlightWomen
24479,highlightBlack
24479,highlightWomen
24477,highlightLatinx
24477,highlightWomen
24476,isHiring
24475,highlightWomen
24466,highlightWomen
24461,highlightBlack
24461,isHiring
24459,highlightLatinx
24446,isHiring
24445,highlightBlack
24443,isHiring
24429,highlightLatinx
24429,highlightWomen
24428,highlightLatinx
24428,isHiring
24424,highlightLatinx
24422,highlightLatinx
24415,highlightLatinx
24414,highlightLatinx
24406,highlightWomen
24406,isHiring
24404,highlightWomen
24404,isHiring
24391,isHiring
24390,isHiring
24384,isHiring
24382,highlightWomen
24381,highlightWomen
24381,isHiring
24379,isHiring
24378,highlightLatinx
24374,isHiring
24373,highlightBlack
24373,highlightWomen
24372,highlightBlack
24368,highlightBlack
24367,isHiring
24355,highlightLatinx
24355,isHiring
24347,isHiring
24346,highlightWomen
24329,isHiring
24303,highlightLatinx
24292,highlightBlack
24292,highlightLatinx
24291,highlightLatinx
24291,highlightWomen
24291,isHiring
24282,isHiring
24280,highlightLatinx
24271,highlightLatinx
24270,highlightWomen
24269,highlightLatinx
24264,highlightLatinx
24264,highlightWomen
24260,highlightWomen
24258,isHiring
24256,highlightLatinx
24254,highlightLatinx
24253,highlightLatinx
24252,isHiring
24251,highlightBlack
24251,highlightLatinx
24248,highlightLatinx
24248,highlightWomen
24244,isHiring
24243,isHiring
24241,highlightWomen
24241,isHiring
24230,highlightLatinx
24199,isHiring
24198,isHiring
24197,highlightLatinx
24195,isHiring
24192,isHiring
24191,isHiring
24188,isHiring
24181,isHiring
24170,highlightWomen
24169,highlightLatinx
24168,highlightLatinx
24166,highlightWomen
24166,isHiring
24162,highlightLatinx
24161,isHiring
24160,highlightBlack
24160,isHiring
24159,isHiring
24158,highlightLatinx
24158,isHiring
24153,highlightLatinx
24152,highlightLatinx
24151,highlightWomen
24151,isHiring
24150,isHiring
24149,highlightBlack
24149,highlightWomen
24141,isHiring
24139,highlightWomen
24138,isHiring
24132,isHiring
24131,isHiring
24095,isHiring
24094,isHiring
24093,isHiring
24086,highlightWomen
24083,isHiring
24082,highlightWomen
24081,highlightWomen
24080,highlightLatinx
24079,highlightLatinx
24065,highlightWomen
24065,isHiring
24064,highlightBlack
24064,highlightWomen
24064,isHiring
24059,highlightWomen
24049,isHiring
24045,highlightWomen
24045,isHiring
24042,highlightWomen
24041,isHiring
24039,isHiring
24037,highlightWomen
24037,isHiring
24034,highlightWomen
24008,highlightLatinx
24006,isHiring
23988,highlightLatinx
23986,highlightBlack
23979,isHiring
23978,isHiring
23977,highlightWomen
23973,highlightLatinx
23969,isHiring
23967,isHiring
23958,highlightLatinx
23956,highlightLatinx
23956,highlightWomen
23955,isHiring
23953,highlightWomen
23953,isHiring
23952,highlightLatinx
23947,isHiring
23946,isHiring
23945,highlightWomen
23944,isHiring
23884,highlightLatinx
23884,highlightWomen
23862,highlightLatinx
23860,isHiring
23845,highlightBlack
23845,highlightWomen
23845,isHiring
23832,highlightWomen
23832,isHiring
23817,highlightWomen
23796,highlightLatinx
23796,highlightWomen
23796,isHiring
23783,highlightWomen
23781,highlightBlack
23781,highlightLatinx
23780,isHiring
23776,highlightLatinx
23120,highlightLatinx
23120,isHiring
22694,isHiring
24845,nonprofit
24845,highlightWomen
24369,highlightWomen
24237,highlightLatinx
24136,highlightWomen
23974,highlightWomen
24839,highlightWomen
24823,highlightLatinx
24762,highlightLatinx
24692,highlightWomen
24498,highlightLatinx
24460,highlightWomen
24383,highlightWomen
24380,highlightLatinx
24370,highlightLatinx
24370,highlightWomen
24339,highlightWomen
24255,highlightLatinx
24255,highlightWomen
24185,highlightWomen
23970,highlightLatinx
23861,highlightLatinx
23831,highlightBlack
26296,isHiring
26290,highlightLatinx
26265,isHiring
26254,isHiring
26210,highlightLatinx
26210,highlightWomen
26190,highlightLatinx
26190,isHiring
26183,highlightLatinx
26163,highlightWomen
26147,isHiring
26144,isHiring
26137,highlightWomen
26134,highlightWomen
26125,highlightBlack
26125,isHiring
26122,highlightWomen
26118,highlightWomen
26109,highlightWomen
26108,highlightWomen
26108,isHiring
26072,highlightWomen
26066,highlightLatinx
26050,highlightWomen
26050,isHiring
26043,highlightWomen
26042,highlightBlack
26041,highlightWomen
26035,nonprofit
26035,isHiring
26034,isHiring
26032,highlightWomen
26032,isHiring
26021,highlightWomen
26021,isHiring
26020,nonprofit
26016,highlightWomen
26015,highlightBlack
26004,highlightLatinx
26004,highlightWomen
25995,isHiring
25992,highlightLatinx
25991,highlightLatinx
25986,highlightWomen
25985,highlightWomen
25984,isHiring
25983,highlightLatinx
25983,highlightWomen
25981,highlightLatinx
25981,highlightWomen
25981,isHiring
25978,isHiring
25977,highlightWomen
25976,highlightLatinx
25975,highlightLatinx
25975,isHiring
25974,highlightWomen
25973,highlightLatinx
25973,isHiring
25969,isHiring
25965,highlightLatinx
25960,highlightLatinx
25960,highlightWomen
25959,highlightLatinx
25954,highlightBlack
25954,highlightWomen
25951,highlightWomen
25946,isHiring
25937,highlightLatinx
25935,highlightBlack
25935,isHiring
25929,highlightWomen
25928,isHiring
25921,highlightBlack
25918,isHiring
25915,isHiring
25914,highlightLatinx
25907,isHiring
25876,highlightWomen
25870,highlightWomen
25865,isHiring
25864,highlightWomen
25849,highlightWomen
25849,isHiring
25835,isHiring
25831,isHiring
25827,highlightLatinx
25820,isHiring
25810,isHiring
25778,isHiring
25777,highlightLatinx
25776,highlightBlack
25763,isHiring
25758,highlightBlack
25756,isHiring
25755,highlightBlack
25752,highlightBlack
25745,highlightWomen
25743,highlightLatinx
25738,isHiring
25737,highlightWomen
25732,isHiring
25728,highlightBlack
25728,isHiring
25727,highlightBlack
25726,highlightBlack
25724,highlightLatinx
25721,highlightBlack
25721,highlightWomen
25720,highlightBlack
25717,highlightBlack
25716,highlightBlack
25716,highlightWomen
25714,isHiring
25713,highlightBlack
25700,highlightWomen
25700,isHiring
25699,highlightWomen
25697,highlightBlack
25697,isHiring
25696,isHiring
25692,isHiring
25691,isHiring
25689,isHiring
25685,highlightBlack
25684,highlightBlack
25684,isHiring
25682,highlightWomen
25678,highlightLatinx
25677,isHiring
25674,highlightWomen
25674,isHiring
25672,isHiring
25670,highlightBlack
25665,highlightLatinx
25663,isHiring
25662,highlightLatinx
25660,highlightLatinx
25659,highlightLatinx
25658,highlightBlack
25657,highlightWomen
25657,isHiring
25654,isHiring
25652,highlightWomen
25650,isHiring
25649,highlightBlack
25647,isHiring
25643,highlightWomen
25643,isHiring
25635,isHiring
25620,highlightLatinx
25620,isHiring
25618,isHiring
25615,isHiring
25608,isHiring
25607,highlightLatinx
25606,highlightLatinx
25606,isHiring
25603,isHiring
25593,highlightLatinx
25592,highlightWomen
25590,isHiring
25586,highlightLatinx
25584,highlightBlack
25584,highlightLatinx
25575,isHiring
25571,highlightWomen
25559,highlightLatinx
25558,highlightLatinx
25557,highlightLatinx
25557,highlightWomen
25553,highlightLatinx
25552,isHiring
25543,isHiring
25542,highlightWomen
25541,highlightWomen
25538,highlightLatinx
25532,highlightWomen
25531,highlightLatinx
25529,highlightWomen
25529,isHiring
25528,highlightLatinx
25527,highlightLatinx
25513,highlightLatinx
25512,highlightWomen
25512,isHiring
25486,highlightWomen
25480,isHiring
25476,highlightLatinx
25476,isHiring
25473,highlightLatinx
25472,isHiring
25449,highlightWomen
25447,highlightBlack
25446,highlightBlack
25446,highlightLatinx
25445,highlightBlack
25444,highlightBlack
25403,isHiring
25402,highlightWomen
25401,highlightLatinx
25399,isHiring
25398,isHiring
25397,highlightWomen
25395,highlightWomen
25381,isHiring
25363,isHiring
25361,isHiring
25357,highlightWomen
25354,highlightWomen
25351,highlightWomen
25351,isHiring
25350,highlightWomen
25350,isHiring
25349,highlightWomen
25348,isHiring
25342,highlightWomen
25342,isHiring
25340,isHiring
25338,highlightWomen
25333,isHiring
25332,isHiring
25331,highlightWomen
25330,highlightLatinx
25328,highlightLatinx
25327,highlightLatinx
25327,highlightWomen
25327,isHiring
25322,isHiring
25317,isHiring
25316,highlightLatinx
25316,isHiring
25315,highlightLatinx
25313,highlightLatinx
25308,highlightLatinx
25307,isHiring
25304,highlightLatinx
25303,highlightBlack
25303,highlightWomen
25279,highlightBlack
25275,isHiring
25274,highlightBlack
25273,highlightWomen
25273,isHiring
25272,isHiring
25262,isHiring
25174,isHiring
25160,highlightBlack
25160,highlightLatinx
25120,highlightBlack
25110,isHiring
25106,isHiring
25075,isHiring
25061,isHiring
25060,highlightWomen
25058,highlightWomen
25058,isHiring
24352,isHiring
24078,highlightWomen
23954,isHiring
26052,highlightLatinx
25616,highlightLatinx
26206,highlightLatinx
25515,highlightWomen
25404,highlightLatinx
27361,isHiring
27273,highlightBlack
27269,highlightWomen
27269,isHiring
27267,highlightLatinx
27267,highlightWomen
27263,highlightWomen
27260,isHiring
27252,isHiring
27250,isHiring
27249,isHiring
27248,highlightLatinx
27248,highlightWomen
27248,isHiring
27221,highlightWomen
27206,highlightWomen
27206,isHiring
27205,highlightLatinx
27194,isHiring
27191,isHiring
27190,highlightWomen
27185,highlightWomen
27178,isHiring
27177,highlightLatinx
27176,highlightWomen
27174,highlightWomen
27174,isHiring
27173,isHiring
27168,highlightWomen
27166,isHiring
27164,isHiring
27162,highlightWomen
27162,isHiring
27159,highlightWomen
27158,highlightWomen
27154,highlightLatinx
27152,highlightLatinx
27152,isHiring
27151,highlightLatinx
27150,highlightWomen
27147,highlightBlack
27143,highlightWomen
27140,highlightLatinx
27137,isHiring
27124,highlightBlack
27124,highlightWomen
27109,isHiring
27108,highlightBlack
27097,highlightLatinx
27097,isHiring
27094,isHiring
27092,highlightWomen
27086,isHiring
27055,isHiring
27054,isHiring
27051,isHiring
27050,isHiring
27049,highlightBlack
27047,highlightLatinx
27047,highlightWomen
27045,highlightLatinx
27037,isHiring
26913,isHiring
26907,highlightBlack
26903,highlightBlack
26883,isHiring
26877,isHiring
26871,isHiring
26870,isHiring
26869,highlightLatinx
26863,isHiring
26862,highlightLatinx
26862,isHiring
26860,isHiring
26859,isHiring
26850,highlightWomen
26824,highlightLatinx
26813,highlightBlack
26813,highlightWomen
26812,isHiring
26810,highlightWomen
26810,isHiring
26809,highlightLatinx
26809,highlightWomen
26807,highlightLatinx
26803,isHiring
26800,isHiring
26797,highlightLatinx
26795,highlightWomen
26794,isHiring
26793,isHiring
26781,isHiring
26776,highlightLatinx
26776,highlightWomen
26770,highlightBlack
26769,highlightWomen
26768,highlightWomen
26763,isHiring
26754,highlightBlack
26754,isHiring
26742,isHiring
26741,isHiring
26737,highlightLatinx
26736,highlightLatinx
26735,highlightWomen
26733,highlightLatinx
26727,highlightBlack
26725,highlightLatinx
26720,isHiring
26718,isHiring
26717,highlightLatinx
26713,highlightLatinx
26713,highlightWomen
26710,isHiring
26709,highlightBlack
26708,highlightLatinx
26707,highlightLatinx
26707,isHiring
26705,isHiring
26704,isHiring
26690,highlightWomen
26690,isHiring
26673,highlightLatinx
26670,isHiring
26662,isHiring
26661,isHiring
26657,isHiring
26525,isHiring
26505,isHiring
26501,isHiring
26480,isHiring
26476,highlightLatinx
26413,highlightWomen
26413,isHiring
25267,highlightWomen
25249,highlightBlack
25249,highlightWomen
25059,highlightBlack
25059,highlightLatinx
25059,isHiring
27262,highlightBlack
27262,highlightWomen
27251,highlightBlack
26780,highlightWomen
26659,highlightLatinx
28425,highlightWomen
28417,isHiring
28414,highlightLatinx
28414,isHiring
28413,highlightLatinx
28412,isHiring
28368,isHiring
28367,highlightWomen
28366,isHiring
28303,isHiring
28301,highlightWomen
28218,isHiring
28205,highlightWomen
28183,highlightLatinx
28175,highlightWomen
28175,isHiring
28160,isHiring
28158,highlightWomen
28131,isHiring
28129,highlightWomen
28127,isHiring
28116,highlightLatinx
28115,isHiring
28111,highlightWomen
28111,isHiring
28103,isHiring
28098,highlightLatinx
28096,highlightLatinx
28092,highlightWomen
28092,isHiring
28090,highlightLatinx
28089,highlightBlack
28088,highlightBlack
28078,isHiring
28077,isHiring
28073,isHiring
28072,highlightLatinx
28070,isHiring
28069,isHiring
28048,highlightLatinx
28045,isHiring
28037,highlightWomen
28037,isHiring
28019,isHiring
28008,isHiring
28007,highlightLatinx
28006,highlightWomen
27989,highlightLatinx
27987,highlightBlack
27985,highlightBlack
27985,highlightWomen
27985,isHiring
27984,isHiring
27978,isHiring
27969,highlightLatinx
27969,highlightWomen
27968,isHiring
27966,highlightWomen
27965,isHiring
27961,isHiring
27959,isHiring
27957,highlightLatinx
27957,isHiring
27956,isHiring
27953,highlightLatinx
27951,highlightWomen
27950,highlightWomen
27949,isHiring
27947,highlightWomen
27943,isHiring
27939,highlightWomen
27938,highlightLatinx
27936,isHiring
27935,highlightWomen
27928,highlightLatinx
27926,highlightWomen
27926,isHiring
27925,isHiring
27923,highlightWomen
27922,highlightLatinx
27915,highlightLatinx
27907,isHiring
27901,isHiring
27896,isHiring
27890,highlightWomen
27882,highlightLatinx
27881,highlightLatinx
27878,highlightLatinx
27876,highlightBlack
27874,highlightLatinx
27873,isHiring
27871,isHiring
27870,isHiring
27862,highlightWomen
27862,isHiring
27857,highlightLatinx
27855,highlightBlack
27855,highlightLatinx
27853,isHiring
27846,highlightLatinx
27843,isHiring
27841,highlightBlack
27837,isHiring
27827,isHiring
27824,isHiring
27822,highlightLatinx
27821,highlightWomen
27818,highlightWomen
27817,highlightWomen
27817,isHiring
27815,highlightLatinx
27814,isHiring
27813,isHiring
27811,highlightBlack
27811,highlightLatinx
27811,isHiring
27810,highlightWomen
27808,isHiring
27785,highlightLatinx
27785,highlightWomen
27774,highlightLatinx
27766,highlightBlack
27766,isHiring
27763,highlightLatinx
27762,highlightWomen
27762,isHiring
27740,isHiring
27735,isHiring
27734,highlightWomen
27728,isHiring
27714,highlightLatinx
27714,isHiring
27713,highlightWomen
27713,isHiring
27705,highlightLatinx
27705,highlightWomen
27702,highlightWomen
27701,highlightWomen
27700,isHiring
27697,highlightBlack
27697,highlightLatinx
27697,isHiring
27692,isHiring
27691,highlightLatinx
27690,isHiring
27686,isHiring
27684,highlightWomen
27674,isHiring
27673,isHiring
27670,isHiring
27667,highlightLatinx
27667,isHiring
27664,isHiring
27655,isHiring
27492,isHiring
27491,isHiring
27254,highlightWomen
27254,isHiring
26837,isHiring
27945,highlightWomen
27924,highlightWomen
27823,highlightWomen
27816,highlightWomen
27424,highlightWomen
29187,isHiring
29162,highlightLatinx
29162,highlightWomen
29160,isHiring
29158,highlightWomen
29153,highlightLatinx
29153,isHiring
29150,isHiring
29136,isHiring
29134,highlightWomen
29122,highlightBlack
29121,highlightWomen
29120,isHiring
29119,highlightWomen
29119,isHiring
29118,highlightWomen
29115,isHiring
29113,highlightLatinx
29113,highlightWomen
29113,isHiring
29108,isHiring
29106,isHiring
29104,isHiring
29093,isHiring
29092,highlightLatinx
29092,isHiring
29090,highlightWomen
29090,isHiring
29088,isHiring
29086,highlightBlack
29074,isHiring
29073,highlightLatinx
29071,highlightLatinx
29071,highlightWomen
29069,highlightLatinx
29069,isHiring
29053,highlightLatinx
29053,isHiring
29045,highlightLatinx
29042,isHiring
29041,isHiring
29013,isHiring
29010,highlightWomen
29010,isHiring
29002,highlightWomen
29001,isHiring
29000,isHiring
28999,highlightWomen
28997,highlightWomen
28996,highlightWomen
28996,isHiring
28983,isHiring
28981,highlightWomen
28981,isHiring
28980,highlightWomen
28980,isHiring
28978,highlightWomen
28977,highlightBlack
28971,highlightWomen
28967,highlightWomen
28966,highlightWomen
28966,isHiring
28957,isHiring
28956,isHiring
28940,isHiring
28939,highlightLatinx
28939,highlightWomen
28936,highlightLatinx
28936,highlightWomen
28935,highlightWomen
28935,isHiring
28929,isHiring
28928,isHiring
28923,isHiring
28922,highlightBlack
28911,isHiring
28900,highlightWomen
28894,highlightBlack
28894,highlightLatinx
28893,highlightLatinx
28883,isHiring
28881,highlightBlack
28880,isHiring
28879,highlightBlack
28879,highlightWomen
28869,isHiring
28868,highlightLatinx
28862,isHiring
28860,isHiring
28853,highlightLatinx
28853,highlightWomen
28846,highlightBlack
28845,highlightLatinx
28844,isHiring
28843,highlightWomen
28837,isHiring
28835,isHiring
28827,isHiring
28825,isHiring
28823,highlightWomen
28817,isHiring
28815,isHiring
28811,isHiring
28808,highlightBlack
28808,highlightLatinx
28805,isHiring
28804,isHiring
28791,isHiring
28790,highlightWomen
28789,isHiring
28787,isHiring
28786,isHiring
28784,highlightWomen
28780,highlightLatinx
28779,highlightWomen
28777,isHiring
28745,highlightWomen
28744,isHiring
28743,highlightWomen
28743,isHiring
28707,highlightBlack
28663,isHiring
28650,highlightWomen
28650,isHiring
28589,isHiring
28486,highlightLatinx
28404,isHiring
29089,highlightLatinx
29089,highlightWomen
29523,isHiring
29517,highlightWomen
29513,isHiring
29512,isHiring
29511,highlightWomen
29511,isHiring
29510,highlightWomen
29510,isHiring
29509,isHiring
29508,isHiring
29507,highlightWomen
29506,highlightWomen
29496,isHiring
29484,isHiring
29482,highlightWomen
29481,highlightWomen
29481,isHiring
29470,highlightLatinx
29470,highlightWomen
29467,isHiring
29463,isHiring
29460,highlightBlack
29459,highlightBlack
29457,highlightWomen
29457,isHiring
29455,highlightLatinx
29453,highlightBlack
29444,isHiring
29442,highlightBlack
29441,highlightWomen
29441,isHiring
29440,isHiring
29439,highlightLatinx
29439,highlightWomen
29438,highlightLatinx
29438,highlightWomen
29438,isHiring
29435,highlightBlack
29434,isHiring
29433,isHiring
29432,highlightBlack
29432,highlightWomen
29430,highlightBlack
29430,isHiring
29425,isHiring
29424,highlightWomen
29424,isHiring
29423,highlightBlack
29422,isHiring
29421,highlightWomen
29418,isHiring
29417,isHiring
29415,isHiring
29414,highlightBlack
29414,highlightWomen
29413,highlightWomen
29411,isHiring
29410,isHiring
29409,isHiring
29407,highlightWomen
29407,isHiring
29404,highlightWomen
29404,isHiring
29403,highlightWomen
29401,highlightWomen
29401,isHiring
29399,highlightWomen
29396,highlightBlack
29396,isHiring
29395,isHiring
29390,isHiring
29389,highlightWomen
29389,isHiring
29386,highlightWomen
29384,highlightWomen
29382,highlightLatinx
29379,highlightBlack
29377,isHiring
29376,highlightLatinx
29376,isHiring
29373,highlightBlack
29367,isHiring
29357,highlightLatinx
29357,highlightWomen
29353,highlightWomen
29350,highlightWomen
29346,isHiring
29342,highlightLatinx
29341,highlightWomen
29341,isHiring
29340,highlightWomen
29340,isHiring
29339,isHiring
29336,highlightWomen
29336,isHiring
29333,highlightLatinx
29333,highlightWomen
29328,highlightBlack
29326,highlightWomen
29326,isHiring
29323,highlightLatinx
29319,isHiring
29315,highlightWomen
29313,highlightLatinx
29313,highlightWomen
29311,highlightLatinx
29309,highlightWomen
29306,highlightWomen
29304,isHiring
29302,highlightWomen
29300,isHiring
29299,highlightWomen
29295,highlightWomen
29295,isHiring
29291,isHiring
29288,isHiring
29287,highlightWomen
29286,highlightBlack
29286,highlightLatinx
29286,isHiring
29285,highlightWomen
29283,highlightWomen
29269,highlightBlack
29269,highlightLatinx
29268,highlightLatinx
29267,isHiring
29263,isHiring
29258,highlightWomen
29257,highlightWomen
29256,isHiring
29254,isHiring
29253,isHiring
29252,highlightWomen
29249,highlightWomen
29249,isHiring
29245,highlightWomen
29241,highlightLatinx
29241,isHiring
29238,highlightWomen
29238,isHiring
29226,isHiring
29205,highlightWomen
29201,isHiring
29196,highlightWomen
29185,isHiring
29184,highlightBlack
29183,isHiring
29182,highlightWomen
29180,isHiring
29178,highlightWomen
29177,isHiring
29990,highlightWomen
29983,highlightLatinx
29983,isHiring
29978,isHiring
29977,highlightWomen
29972,highlightBlack
29967,highlightBlack
29964,isHiring
29963,isHiring
29856,highlightWomen
29849,highlightBlack
29849,highlightLatinx
29844,isHiring
29841,highlightWomen
29840,highlightBlack
29837,highlightWomen
29836,highlightWomen
29834,highlightBlack
29830,highlightWomen
29825,highlightWomen
29824,isHiring
29823,isHiring
29820,highlightLatinx
29812,highlightLatinx
29805,highlightBlack
29805,highlightWomen
29804,highlightLatinx
29800,highlightLatinx
29798,highlightBlack
29796,highlightLatinx
29795,highlightWomen
29794,highlightBlack
29794,highlightWomen
29789,isHiring
29786,highlightLatinx
29785,highlightWomen
29780,isHiring
29778,highlightLatinx
29774,isHiring
29770,isHiring
29768,highlightWomen
29761,isHiring
29755,highlightWomen
29755,isHiring
29754,highlightBlack
29749,highlightWomen
29748,highlightLatinx
29735,highlightWomen
29734,highlightWomen
29729,highlightWomen
29727,highlightWomen
29712,highlightLatinx
29711,highlightWomen
29710,highlightLatinx
29710,highlightWomen
29710,isHiring
29709,highlightBlack
29705,highlightWomen
29704,highlightWomen
29691,highlightWomen
29689,isHiring
29685,highlightBlack
29676,highlightWomen
29675,highlightWomen
29673,highlightWomen
29665,highlightWomen
29658,highlightLatinx
29654,highlightWomen
29653,highlightBlack
29650,highlightLatinx
29649,isHiring
29646,highlightLatinx
29646,highlightWomen
29644,highlightBlack
29643,isHiring
29637,highlightWomen
29627,highlightLatinx
29623,isHiring
29613,isHiring
29611,highlightLatinx
29610,isHiring
29607,isHiring
29605,highlightLatinx
29597,highlightWomen
29591,highlightLatinx
29582,highlightLatinx
29579,highlightWomen
29579,isHiring
29575,highlightBlack
29575,highlightLatinx
29572,highlightLatinx
29572,highlightWomen
29569,highlightBlack
29558,isHiring
29532,highlightLatinx
29524,highlightWomen
29475,highlightWomen
29474,highlightWomen
29412,highlightWomen
29406,highlightWomen
29387,highlightWomen
29327,isHiring
29296,highlightWomen
29251,isHiring
